2019-01-22	 5.93	 6.15	 8.14	 6.17
2019-01-23	 2.89	 4.86	 4.37	 4.81
2019-01-24	 4.73	 2.95	 4.76	 3.15
2019-01-25	 3.27	 3.16	 3.85	 2.64
2019-01-26	 4.35	 4.56	 3.61	 4.25
2019-01-27	 4.76	 5.73	 5.09	 4.94
2019-01-28	 6.07	 4.08	 5.22	 6.32
2019-01-29	 4.82	 4.94	 9.47	 9.31
2019-01-30	 3.47	 2.29	11.53	11.20
2019-01-31	 3.14	 4.18	10.73	 8.44
2019-02-01	 8.76	 8.65	12.20	14.39
2019-02-02	 7.59	11.46	12.29	19.32
2019-02-03	10.88	 9.36	17.59	14.06
2019-02-04	 9.65	10.96	12.82	14.05
2019-02-05	10.37	 4.35	18.41	14.03
2019-02-06	 5.70	 3.46	17.05	 8.16
2019-02-07	 2.54	 1.35	 4.23	 1.84
2019-02-08	 1.46	 2.34	 3.70	 4.67
2019-02-09	 3.29	 8.28	 9.31	 8.95
2019-02-10	 4.59	 4.48	10.72	16.42
2019-02-11	 4.97	 4.23	13.97	 3.25
2019-02-12	 2.19	 1.74	 1.72	 1.57
2019-02-13	 3.21	 6.57	 5.06	 9.46
2019-02-14	 9.87	20.16	12.81	22.29
2019-02-15	12.19	 6.66	24.30	16.04
2019-02-16	 5.24	 4.26	11.65	 5.76
2019-02-17	 4.62	 4.14	 6.17	 3.34
2019-02-18	 4.47	 4.62	 3.44	 3.50
2019-02-19	 5.34	 3.83	 5.15	 6.53
2019-02-20	 3.51	 3.63	 3.36	 2.92
2019-02-21	 3.81	 4.52	 4.21	 5.60
2019-02-22	 6.24	 8.41	 7.71	10.73
2019-02-23	 4.92	 2.77	 3.69	 3.40
2019-02-24	 2.90	 2.49	 2.64	 3.86
2019-02-25	 3.56	 5.60	 4.65	 5.11
2019-02-26	 6.13	 4.56	 6.63	 5.04
2019-02-27	 7.86	 8.40	 9.45	11.14
2019-02-28	 7.07	 8.85	 7.25	 6.75
2019-03-01	 7.96	 7.38	 6.46	 7.54
2019-03-02	11.79	12.19	12.30	 7.64
2019-03-03	11.62	 8.15	12.69	 8.95
2019-03-04	 7.56	 8.44	 7.36	 5.52
2019-03-05	 7.62	 6.31	 5.41	 5.23
2019-03-06	 5.13	 9.96	11.26	 8.86
2019-03-07	 7.37	 5.36	12.10	10.74
2019-03-08	 6.47	 0.00	 9.40	16.65
2019-03-09	 5.45	 4.67	 3.20	 6.41
2019-03-10	 4.72	 8.15	14.01	19.56
2019-03-11	12.11	14.84	17.01	17.88
2019-03-12	14.48	19.07	19.14	18.68
2019-03-13	 8.87	 5.76	 9.65	 8.16
2019-03-14	 6.10	 5.71	 5.47	 2.99
2019-03-15	 5.03	 4.66	 6.76	 8.92
2019-03-16	 6.68	 7.10	12.54	14.22
2019-03-17	 6.66	 4.70	 9.66	 9.33
2019-03-18	 7.38	 6.12	11.43	 9.96
2019-03-19	 9.75	11.90	 7.81	 7.83
2019-03-20	10.98	 8.76	10.16	12.76
2019-03-21	10.84	11.03	18.54	11.91
2019-03-22	10.26	 4.37	 6.88	 6.54
2019-03-23	 6.04	 7.54	 6.73	 6.91
2019-03-24	 7.19	 6.58	 6.09	 5.31
2019-03-25	 4.06	 4.46	 4.26	 6.28
2019-03-26	 3.44	 0.00	10.48	 0.00
2019-03-27	11.51	 8.66	10.28	 7.21
2019-03-28	 9.64	 4.13	 8.34	 6.95
2019-03-29	 3.19	 3.40	 5.90	 2.88
2019-03-30	 3.09	 6.23	 3.45	 8.06
2019-03-31	 8.30	 9.47	10.39	 7.95
2019-04-01	 6.07	 6.84	 6.81	 5.24
2019-04-02	 7.30	 8.35	 9.62	 8.38
2019-04-03	 8.14	 8.54	 7.96	 8.02
2019-04-04	 6.82	 7.96	 7.99	 6.78
2019-04-05	 6.53	 8.34	 9.62	11.57
2019-04-06	 8.98	 8.78	 8.81	10.98
2019-04-07	 9.04	 6.80	12.22	 8.32
2019-04-08	 6.51	 7.37	11.77	 8.21
2019-04-09	 9.18	 5.71	 8.71	 7.82
2019-04-10	 7.21	 3.84	 5.39	 2.99
2019-04-11	 7.82	 6.12	 4.64	 4.67
2019-04-12	 6.61	 9.63	 6.24	 8.66
2019-04-13	 8.83	 8.04	10.15	 9.30
2019-04-14	 5.46	 5.24	 1.42	 6.32
2019-04-15	 4.28	 4.54	 7.02	 6.45
2019-04-16	 9.56	 8.34	10.37	 8.82
2019-04-17	15.66	 4.83	13.87	14.83
2019-04-18	 8.94	 7.03	13.38	 8.52
2019-04-19	 7.11	 6.73	 7.26	 6.22
2019-04-20	 6.26	 8.14	 7.20	 9.72
2019-04-21	 8.29	 8.26	10.51	 9.39
2019-04-22	 8.01	12.63	13.36	20.49
2019-04-23	14.97	12.37	15.44	12.48
2019-04-24	13.35	11.45	15.90	14.25
2019-04-25	 9.91	 9.75	13.01	 9.29
2019-04-26	15.52	12.26	12.43	11.32
2019-04-27	 9.36	10.54	12.53	 9.80
2019-04-28	 6.44	 6.31	10.05	 5.51
2019-04-29	 8.72	13.61	 9.72	 8.66
2019-04-30	12.97	 8.00	11.52	 7.87
2019-05-01	 6.72	 7.23	 7.85	 6.40
2019-05-02	 7.78	 7.87	 6.59	 7.20
2019-05-03	 7.17	 4.35	10.83	 6.77
2019-05-04	 6.42	 8.19	 8.66	 8.00
2019-05-05	 7.54	 6.36	 9.78	 7.39
2019-05-06	 7.74	 7.08	 9.96	11.15
2019-05-07	 7.37	 7.91	10.64	 9.58
2019-05-08	10.70	13.30	 8.82	14.06
2019-05-09	12.55	12.41	13.31	11.03
2019-05-10	15.81	14.46	20.07	17.53
2019-05-11	15.23	13.55	18.39	15.71
2019-05-12	13.59	12.70	17.94	20.35
2019-05-13	11.98	11.21	18.31	17.20
2019-05-14	11.86	 9.08	13.44	11.18
2019-05-15	14.03	12.45	13.34	10.83
2019-05-16	11.42	14.28	15.25	14.96
2019-05-17	11.70	 7.07	 7.61	 9.20
2019-05-18	 7.34	 5.26	 8.94	 5.43
2019-05-19	 9.35	 8.89	 8.54	11.21
2019-05-20	 8.86	10.73	 9.68	10.52
2019-05-21	 9.55	 8.14	 6.92	 6.20
2019-05-22	 9.57	 8.49	 7.33	 6.98
2019-05-23	 7.92	 5.78	 9.03	 9.05
2019-05-24	 5.24	 7.87	 8.46	10.16
2019-05-25	 7.35	 7.15	 9.61	14.31
2019-05-26	 7.50	13.30	 8.97	 6.26
2019-05-27	 6.49	 6.00	 8.88	 6.77
2019-05-28	 6.55	 7.94	 9.52	 9.33
2019-05-29	 9.81	 9.49	 8.77	 6.16
2019-05-30	11.71	10.32	 8.28	 8.99
2019-05-31	13.41	11.46	16.29	23.69
2019-06-01	13.95	17.10	26.85	17.30
2019-06-02	15.77	17.74	25.91	20.27
2019-06-03	18.22	13.71	17.09	20.10
2019-06-04	14.76	13.36	20.99	22.70
2019-06-05	16.81	13.67	17.10	17.35
2019-06-06	17.39	15.09	18.70	14.57
2019-06-07	15.41	12.18	14.35	16.95
2019-06-08	 8.89	10.38	17.79	 6.40
2019-06-09	 6.12	14.20	 8.37	14.32
2019-06-10	16.02	17.27	31.30	33.54
2019-06-11	16.28	10.92	22.81	19.76
2019-06-12	10.76	12.20	16.22	13.78
2019-06-13	16.63	15.91	24.66	23.36
2019-06-14	11.33	 8.30	19.22	11.83
2019-06-15	 5.54	14.25	15.22	 6.60
2019-06-16	17.89	18.82	10.61	12.14
2019-06-17	20.87	17.13	11.73	11.50
2019-06-18	15.04	 6.91	12.43	13.69
2019-06-19	15.16	11.23	11.13	10.45
2019-06-20	10.11	 9.28	 7.89	 7.25
2019-06-21	 7.31	 5.37	13.51	 9.92
2019-06-22	 8.88	10.35	 7.94	 6.03
2019-06-23	10.57	 4.73	11.34	 9.89
2019-06-24	 7.10	 9.25	 8.24	 7.19
2019-06-25	 8.64	 8.30	 8.89	13.51
2019-06-26	10.19	17.08	20.36	20.16
2019-06-27	19.94	19.69	24.65	23.21
2019-06-28	18.50	15.50	29.21	29.00
2019-06-29	23.32	19.24	29.62	13.00
2019-06-30	20.38	18.64	15.48	10.41
2019-07-01	22.42	24.32	14.91	20.13
2019-07-02	23.93	17.54	29.20	20.18
2019-07-03	18.09	11.25	19.67	17.01
2019-07-04	12.31	11.77	20.48	21.08
2019-07-05	11.84	11.99	25.05	19.66
2019-07-06	23.04	26.10	29.15	28.61
2019-07-07	30.21	27.70	36.67	26.94
2019-07-08	25.52	 9.58	28.92	19.79
2019-07-09	 7.90	 7.76	17.28	17.22
2019-07-10	 9.30	12.22	19.57	19.67
2019-07-11	17.44	16.91	21.26	26.96
2019-07-12	20.47	19.94	25.01	28.09
2019-07-13	23.82	22.47	23.39	21.83
2019-07-14	25.05	20.38	29.55	23.27
2019-07-15	26.47	27.00	24.73	22.89
2019-07-16	25.44	27.28	23.73	25.59
2019-07-17	28.39	22.85	32.25	32.60
2019-07-18	18.00	13.46	36.72	31.38
2019-07-19	17.62	16.40	32.45	21.44
2019-07-20	19.47	20.17	30.52	23.70
2019-07-21	23.88	20.57	25.73	22.19
2019-07-22	25.21	23.40	32.62	30.17
2019-07-23	29.07	26.72	41.21	32.35
2019-07-24	27.35	23.80	29.56	26.62
2019-07-25	25.69	26.80	 3.51	20.17
2019-07-26	30.21	27.30	20.51	25.92
2019-07-27	29.86	25.71	29.06	27.13
2019-07-28	28.70	18.43	33.48	29.64
2019-07-29	24.58	19.08	32.37	31.61
2019-07-30	22.70	22.36	33.70	25.93
2019-07-31	21.88	19.60	33.14	27.15
2019-08-01	24.41	24.50	35.98	31.13
2019-08-02	28.12	27.33	29.61	24.89
2019-08-03	28.78	24.96	31.57	29.91
2019-08-04	28.59	27.94	37.80	32.31
2019-08-05	31.44	24.37	35.47	29.21
2019-08-06	31.88	32.00	33.90	30.64
2019-08-07	30.96	27.91	31.92	35.98
2019-08-08	30.25	24.56	40.52	31.11
2019-08-09	28.56	27.90	37.82	29.95
2019-08-10	32.68	28.19	34.81	31.87
2019-08-11	29.37	31.35	35.18	29.86
2019-08-12	26.35	18.99	29.49	27.81
2019-08-13	18.15	16.89	28.72	26.75
2019-08-14	21.50	26.39	29.78	24.02
2019-08-15	20.28	17.16	29.12	30.00
2019-08-16	17.57	16.84	28.92	22.85
2019-08-17	14.08	11.36	21.69	25.52
2019-08-18	12.17	11.69	20.69	21.18
2019-08-19	15.37	16.25	26.41	27.38
2019-08-20	21.12	21.24	32.43	24.29
2019-08-21	22.09	22.28	29.80	26.83
2019-08-22	22.59	19.04	31.77	28.51
2019-08-23	19.72	17.17	34.21	33.13
2019-08-24	15.10	14.39	32.83	25.54
2019-08-25	12.78	14.25	27.79	21.76
2019-08-26	12.70	16.25	25.37	21.22
2019-08-27	21.81	26.22	22.87	25.32
2019-08-28	23.47	19.38	29.68	25.62
2019-08-29	18.36	17.38	31.98	31.06
2019-08-30	19.93	17.32	34.39	27.65
2019-08-31	22.25	13.83	28.84	23.60
2019-09-01	21.62	21.66	27.44	25.27
2019-09-02	20.72	17.57	28.17	25.19
2019-09-03	23.00	  NaN	23.61	19.78
2019-09-04	19.57	15.77	18.50	19.99
2019-09-05	15.49	16.88	27.28	30.03
2019-09-06	18.39	19.50	29.54	23.47
2019-09-07	21.61	23.54	29.83	24.68
2019-09-08	26.57	24.58	32.04	27.63
2019-09-09	18.89	13.47	37.70	27.58
2019-09-10	20.98	24.88	33.06	29.82
2019-09-11	26.51	18.36	33.32	26.70
2019-09-12	14.20	 9.06	27.61	24.32
2019-09-13	14.87	15.56	29.27	32.18
2019-09-14	25.68	23.95	35.88	30.93
2019-09-15	27.92	26.88	39.05	36.34
2019-09-16	26.83	20.84	34.08	32.78
2019-09-17	26.23	17.16	32.68	24.30
2019-09-18	18.23	13.18	21.12	19.55
2019-09-19	16.49	17.94	27.42	27.61
2019-09-20	17.56	11.44	29.65	16.96
2019-09-21	11.80	16.97	25.90	34.68
2019-09-22	 6.19	 5.07	31.32	27.90
2019-09-23	12.72	20.42	30.12	26.76
2019-09-24	19.23	14.35	29.86	23.44
2019-09-25	21.65	16.69	25.60	25.97
2019-09-26	14.52	17.86	23.93	20.14
2019-09-27	16.46	18.70	23.46	23.59
2019-09-28	15.94	12.64	16.86	15.07
2019-09-29	14.55	13.84	16.06	14.43
2019-09-30	10.66	15.68	30.71	41.28
2019-10-01	22.27	14.29	40.53	25.10
2019-10-02	 7.91	 7.16	28.61	28.39
2019-10-03	11.60	18.65	36.19	36.83
2019-10-04	30.75	17.50	39.68	32.91
2019-10-05	13.30	10.28	28.70	15.85
2019-10-06	 6.72	 6.51	14.05	13.11
2019-10-07	10.23	11.77	17.15	19.68
2019-10-08	16.82	17.40	28.40	28.33
2019-10-09	13.08	 8.79	16.58	11.56
2019-10-10	 9.20	 5.86	10.24	10.25
2019-10-11	 1.31	 1.79	 9.26	11.49
2019-10-12	 5.01	11.63	15.79	11.52
2019-10-13	 8.29	 7.46	15.21	11.61
2019-10-14	 8.89	 9.54	23.27	27.86
2019-10-15	 8.18	 4.46	27.16	13.08
2019-10-16	 4.96	 4.00	12.33	 7.79
2019-10-17	 4.95	 7.80	 9.84	13.29
2019-10-18	12.42	 8.57	18.81	17.27
2019-10-19	 4.57	 4.58	11.36	11.71
2019-10-20	 8.00	 2.93	11.05	  NaN
2019-10-21	 4.16	 4.65	 4.91	 6.44
2019-10-22	 6.25	 7.11	 6.93	 6.15
2019-10-23	 8.85	 4.36	 6.89	 7.12
2019-10-24	 7.02	 5.68	 9.55	 8.73
2019-10-25	 4.63	 4.94	 5.97	 5.24
2019-10-26	 4.60	 5.96	 4.38	 4.08
2019-10-27	 4.97	 5.98	 7.05	 6.30
2019-10-28	 9.69	 3.60	10.25	 6.25
2019-10-29	 3.74	 5.05	 7.00	 7.46
2019-10-30	 3.85	 1.41	 6.46	 1.75
2019-10-31	 1.20	 1.56	 1.29	 4.48
2019-11-01	 1.88	 2.80	 4.92	 2.88
2019-11-02	 4.57	 4.88	 5.83	10.15
2019-11-03	 4.51	 5.05	11.87	15.09
2019-11-04	 4.65	 4.72	12.35	10.78
2019-11-05	 4.45	 6.90	16.52	18.95
2019-11-06	10.30	16.27	22.09	26.70
2019-11-07	15.06	11.94	21.18	17.41
2019-11-08	 8.21	 4.54	13.96	11.38
2019-11-09	 4.11	 2.20	19.96	20.12
2019-11-10	 8.93	 8.24	21.18	22.42
2019-11-11	 5.54	 7.72	24.23	21.05
2019-11-12	 5.56	 4.37	14.18	10.51
2019-11-13	 6.38	 7.20	12.43	 8.31
2019-11-14	 6.55	 5.82	 9.05	 7.23
2019-11-15	 8.29	 7.99	 7.25	 7.81
2019-11-16	 7.92	 7.86	 8.40	 9.63
2019-11-17	 3.76	 5.59	 9.10	 6.98
2019-11-18	 7.57	 6.45	 6.91	 7.24
2019-11-19	 7.09	 7.12	 9.99	21.02
2019-11-20	21.23	15.42	25.15	14.06
2019-11-21	14.89	 9.50	13.33	17.81
2019-11-22	 9.86	 7.81	11.47	10.48
2019-11-23	 7.17	 5.38	 6.85	 8.19
2019-11-24	 5.35	 4.75	 8.94	 6.54
2019-11-25	 3.62	 5.41	13.56	15.59
2019-11-26	 5.36	 3.33	10.19	 7.16
2019-11-27	 4.65	10.12	 8.43	23.54
2019-11-28	14.09	12.37	22.09	21.30
2019-11-29	15.50	 7.82	17.98	16.40
2019-11-30	 4.32	 3.83	10.89	 6.69
2019-12-01	 6.03	 7.67	 5.15	 4.37
2019-12-02	 6.09	 6.23	 6.16	 6.92
2019-12-03	 7.85	 7.69	 8.12	 9.97
2019-12-04	15.41	13.94	12.58	15.20
2019-12-05	13.29	 7.84	17.36	 9.04
2019-12-06	 6.66	 7.59	 7.71	10.34
2019-12-07	 9.22	 9.65	16.04	14.74
2019-12-08	17.02	12.71	18.25	23.16
2019-12-09	 8.09	 8.03	21.30	11.86
2019-12-10	 4.13	 4.51	13.65	 8.37
2019-12-11	 4.06	 5.37	 6.16	 5.76
2019-12-12	 6.08	 7.80	 6.83	 9.61
2019-12-13	 9.36	10.20	 9.57	12.03
2019-12-14	12.39	 9.67	 9.31	10.65
2019-12-15	 9.95	 5.23	11.75	 6.68
2019-12-16	 3.74	 1.91	 8.41	 4.68
2019-12-17	 3.24	 2.87	 3.02	 2.28
2019-12-18	 2.44	 1.72	 2.02	 2.51
2019-12-19	 2.41	 3.88	 5.75	 4.91
2019-12-20	 3.85	 2.85	 4.30	 2.92
2019-12-21	 4.63	 3.07	 3.04	 2.87
2019-12-22	 3.65	 3.48	 3.24	 2.53
2019-12-23	 1.82	 4.71	 3.06	 5.88
2019-12-24	10.80	13.25	14.27	17.83
2019-12-25	10.94	 7.30	11.53	11.12
2019-12-26	 6.18	 7.13	10.42	 8.93
2019-12-27	 9.32	 8.23	 8.04	12.41
2019-12-28	 7.18	 6.44	 8.47	 6.81
2019-12-29	 4.91	 2.73	 4.46	 4.90
2019-12-30	 5.47	 6.36	 6.70	 6.88
2019-12-31	 6.57	 7.25	 6.92	 6.88
2020-01-01	 4.23	 8.11	 7.75	 6.40
2020-01-02	 8.76	 7.84	11.66	10.77
2020-01-03	 4.16	 5.40	 7.02	 4.38
2020-01-04	 6.75	 4.81	 6.18	 5.82
2020-01-05	 4.04	 4.68	 4.50	 4.82
2020-01-06	 4.54	 2.05	 5.47	 2.16
2020-01-07	 3.50	 3.83	 2.04	 2.27
2020-01-08	 4.04	 3.62	 4.53	 5.58
2020-01-09	 3.55	 6.89	 4.81	 6.00
2020-01-10	 8.61	 3.64	 9.72	 5.52
2020-01-11	 3.31	 3.85	 3.66	 4.76
2020-01-12	 5.62	 4.56	 4.18	 2.88
2020-01-13	 5.08	 3.98	 3.42	 4.03
2020-01-14	 3.12	 4.37	 4.03	 5.98
2020-01-15	 3.31	 3.28	 9.25	12.60
2020-01-16	 8.73	15.27	17.67	21.56
2020-01-17	11.51	 7.19	14.12	 7.39
2020-01-18	 3.57	 3.41	 5.21	 7.45
2020-01-19	 7.21	 7.56	 7.87	10.95
2020-01-20	 7.16	 9.75	12.06	14.41
2020-01-21	13.57	13.58	16.96	16.25
2020-01-22	10.40	 6.03	14.26	 9.35
2020-01-23	 6.68	 7.36	 6.17	 6.50
2020-01-24	 7.28	 7.17	 8.03	 7.07
2020-01-25	 7.82	 5.80	 9.92	 7.06
2020-01-26	 5.34	 6.61	 7.28	 6.39
2020-01-27	 8.83	 9.75	11.28	 8.43
2020-01-28	 5.08	 3.51	 3.50	 2.67
2020-01-29	 4.92	 5.57	 3.52	 6.55
2020-01-30	 6.10	 4.94	 9.02	 5.77
2020-01-31	 5.97	 4.95	 6.28	 3.50
2020-02-01	 5.48	 5.51	 5.31	 4.64
2020-02-02	 5.34	 6.18	 5.59	 5.01
2020-02-03	 4.30	 6.29	 7.75	11.83
2020-02-04	 7.83	 4.88	13.35	10.58
2020-02-05	 2.29	 2.39	 8.17	 5.86
2020-02-06	 4.61	 7.74	 3.82	 7.33
2020-02-07	 8.35	 6.58	 7.94	 7.35
2020-02-08	 6.76	 4.69	 6.62	 5.17
2020-02-09	 4.29	 5.95	 7.33	 9.71
2020-02-10	12.63	11.89	17.28	16.37
2020-02-11	10.61	 8.11	14.47	13.81
2020-02-12	 7.19	 4.24	 8.71	 7.22
2020-02-13	 4.69	 5.79	 7.60	 7.07
2020-02-14	 5.96	 6.05	 8.36	 5.94
2020-02-15	 5.92	 6.51	 8.65	 7.36
2020-02-16	 6.79	 8.81	 5.65	 5.79
2020-02-17	 8.38	 9.84	 7.01	 8.57
2020-02-18	 8.14	 8.98	 8.38	 9.19
2020-02-19	10.16	 8.98	10.68	11.73
2020-02-20	 7.31	 5.21	10.59	10.78
2020-02-21	 9.60	11.45	17.99	20.15
2020-02-22	14.79	17.88	19.54	21.23
2020-02-23	 8.18	 8.00	18.29	 7.18
2020-02-24	 5.88	 4.73	 6.68	 4.88
2020-02-25	 2.40	 1.85	 5.37	 2.54
2020-02-26	 2.87	 2.08	 2.79	 2.19
2020-02-27	 3.97	 2.87	 3.22	 3.26
2020-02-28	 3.29	 2.20	 3.35	 4.65
2020-02-29	 4.70	 3.98	 7.37	 8.32
2020-03-01	 7.73	 8.54	 8.67	 9.11
2020-03-02	 6.05	 6.10	 9.43	 8.86
2020-03-03	 3.82	 5.66	12.84	14.49
2020-03-04	 4.37	 3.42	15.02	 9.39
2020-03-05	 5.93	 6.05	 6.68	 5.36
2020-03-06	 6.98	 4.84	 7.12	 8.71
2020-03-07	 8.93	10.37	13.48	15.12
2020-03-08	13.44	13.32	21.18	23.82
2020-03-09	 8.15	 5.38	10.85	10.23
2020-03-10	 9.21	10.90	15.35	17.14
2020-03-11	16.26	16.77	22.88	21.65
2020-03-12	16.13	14.14	25.44	24.39
2020-03-13	19.00	10.55	22.20	16.49
2020-03-14	 7.65	 7.62	 9.46	10.29
2020-03-15	 6.77	10.35	 9.70	12.96
2020-03-16	 5.56	 5.13	 6.69	 6.45
2020-03-17	 4.81	 7.93	13.87	15.49
2020-03-18	 8.71	12.28	13.67	20.57
2020-03-19	 7.20	 0.00	 4.35	 7.42
2020-03-20	 6.74	10.34	 9.29	10.13
2020-03-21	10.79	 9.02	10.66	 6.94
2020-03-22	 4.31	 5.79	 4.57	 6.27
2020-03-23	 9.13	 3.89	 9.67	 6.97
2020-03-24	 6.59	 4.81	 5.97	 5.86
2020-03-25	 6.29	10.90	 7.09	10.88
2020-03-26	14.73	13.63	10.59	15.78
2020-03-27	11.64	 5.36	17.92	 3.12
2020-03-28	 4.59	 3.31	 2.62	 3.84
2020-03-29	 6.15	 0.00	 5.49	 0.00
2020-03-30	 5.95	 4.66	 5.73	 5.65
2020-03-31	 4.93	 5.59	 4.98	 6.43
2020-04-01	 8.28	 7.73	10.96	11.81
2020-04-02	 6.55	 6.27	10.99	 7.90
2020-04-03	 6.26	 6.88	 7.50	 7.65
2020-04-04	 9.01	 7.80	 8.06	 7.15
2020-04-05	 4.91	 6.31	 8.83	 8.44
2020-04-06	 7.00	 4.20	17.03	10.68
2020-04-07	 4.59	 6.59	11.18	14.41
2020-04-08	 6.23	 5.10	14.17	10.06
2020-04-09	 7.40	 8.31	17.95	 8.97
2020-04-10	 4.41	 4.98	10.04	10.15
2020-04-11	 4.30	 4.95	 4.42	 6.38
2020-04-12	 7.03	10.58	 8.94	10.70
2020-04-13	11.93	10.71	11.79	 7.94
2020-04-14	 2.72	 1.98	11.63	 7.05
2020-04-15	 1.84	 4.92	11.51	 5.39
2020-04-16	 5.86	 4.89	 5.67	 5.78
2020-04-17	 5.78	 6.64	 6.57	 8.00
2020-04-18	 6.30	 5.84	 8.37	 8.93
2020-04-19	 8.00	 8.22	 7.86	 5.63
2020-04-20	10.01	 8.24	 9.27	10.14
2020-04-21	 8.98	 8.19	 8.03	 7.29
2020-04-22	10.17	 6.20	 5.66	11.06
2020-04-23	 5.46	 8.22	 8.45	 9.20
2020-04-24	 7.66	 5.60	10.03	 8.88
2020-04-25	 7.51	 4.93	 9.14	 9.13
2020-04-26	 5.06	 7.70	 9.56	 9.40
2020-04-27	 8.53	 8.76	 9.13	10.58
2020-04-28	 9.13	 8.02	 8.85	 8.40
2020-04-29	 9.31	 8.74	12.02	10.97
2020-04-30	 9.57	11.48	14.23	12.13
2020-05-01	11.89	 7.90	11.34	13.30
2020-05-02	 5.03	 7.05	12.64	10.85
2020-05-03	 6.71	10.18	11.95	10.95
2020-05-04	 6.69	 6.64	 7.16	 5.52
2020-05-05	11.28	 9.30	 7.35	 8.98
2020-05-06	 7.33	 8.62	13.10	10.25
2020-05-07	 5.96	 7.47	 9.09	 6.83
2020-05-08	 5.61	 7.65	 6.93	10.97
2020-05-09	 5.90	 6.95	14.73	10.81
2020-05-10	10.25	10.13	18.35	18.66
2020-05-11	17.08	16.55	19.17	  NaN
2020-05-12	10.31	12.96	10.03	11.81
2020-05-13	 7.01	 6.55	12.73	 9.73
2020-05-14	 6.57	 5.84	 8.80	 8.70
2020-05-15	 9.40	 8.80	11.18	 7.83
2020-05-16	 7.86	 9.03	10.43	10.99
2020-05-17	15.23	14.32	11.91	10.13
2020-05-18	 9.48	11.02	10.21	10.75
2020-05-19	10.60	13.30	16.74	16.61
2020-05-20	 5.52	 5.48	10.41	 9.56
2020-05-21	 2.88	 4.37	 5.78	 5.45
2020-05-22	 2.78	 5.15	 5.91	 7.09
2020-05-23	 7.27	 9.42	 7.28	 7.41
2020-05-24	 7.62	 6.29	10.84	 9.98
2020-05-25	12.46	 9.52	 9.96	 8.76
2020-05-26	 9.77	 8.73	15.23	13.06
2020-05-27	11.69	13.98	10.04	13.79
2020-05-28	15.30	15.67	10.22	16.84
2020-05-29	16.99	17.72	21.98	18.74
2020-05-30	19.47	19.13	18.78	17.38
2020-05-31	19.78	22.07	15.07	13.30
2020-06-01	21.98	18.85	18.70	13.35
2020-06-02	24.09	20.05	20.30	19.64
2020-06-03	20.31	12.80	19.36	17.83
2020-06-04	17.12	15.28	17.27	16.71
2020-06-05	11.75	15.21	16.05	22.16
2020-06-06	25.79	12.95	26.88	16.17
2020-06-07	 6.05	 9.33	10.77	 9.92
2020-06-08	11.05	 7.01	12.97	15.54
2020-06-09	 4.51	 3.93	 4.22	 3.35
2020-06-10	 6.45	 5.35	 4.17	 8.09
2020-06-11	 5.58	 9.43	17.27	24.72
2020-06-12	15.76	19.15	24.15	20.82
2020-06-13	20.16	18.57	28.51	17.14
2020-06-14	18.24	13.62	20.57	18.87
2020-06-15	18.68	16.33	22.08	20.85
2020-06-16	18.66	19.47	25.00	18.82
2020-06-17	12.37	 6.54	22.66	16.53
2020-06-18	 5.61	 7.61	10.78	 8.25
2020-06-19	 6.26	 7.05	10.69	17.19
2020-06-20	11.34	 9.31	10.91	 9.56
2020-06-21	 7.50	10.15	13.59	10.21
2020-06-22	 9.42	12.86	  NaN	13.33
2020-06-23	20.23	16.34	15.58	20.21
2020-06-24	18.14	16.14	23.84	21.91
2020-06-25	17.16	12.28	23.25	11.77
2020-06-26	13.01	 9.34	24.87	17.72
2020-06-27	10.89	 7.23	22.28	19.34
2020-06-28	11.97	12.80	21.97	18.79
2020-06-29	14.84	 9.63	19.56	18.36
2020-06-30	 8.28	 7.64	23.44	15.22
2020-07-01	10.04	 9.76	17.89	28.27
2020-07-02	13.73	16.26	31.57	26.40
2020-07-03	21.84	18.74	27.52	27.12
2020-07-04	25.74	20.94	29.21	24.96
2020-07-05	20.48	13.68	26.21	20.63
2020-07-06	19.64	16.46	26.79	21.02
2020-07-07	20.17	13.67	30.70	25.20
2020-07-08	10.48	15.75	26.35	18.83
2020-07-09	13.86	16.13	20.93	17.97
2020-07-10	11.36	12.53	23.01	 0.00
2020-07-11	11.51	13.57	25.04	22.44
2020-07-12	18.60	20.12	22.11	15.38
2020-07-13	23.27	26.80	19.38	21.37
2020-07-14	21.82	22.32	26.39	27.25
2020-07-15	22.62	22.25	31.17	26.22
2020-07-16	26.64	20.86	26.73	26.32
2020-07-17	26.94	20.31	29.88	26.52
2020-07-18	25.34	20.51	34.17	26.40
2020-07-19	22.64	18.38	33.40	29.07
2020-07-20	23.50	13.26	32.70	28.08
2020-07-21	21.66	20.99	31.33	32.00
2020-07-22	28.36	27.44	35.60	37.96
2020-07-23	30.68	28.32	37.75	38.32
2020-07-24	32.74	30.60	39.43	39.59
2020-07-25	32.02	31.56	40.27	36.54
2020-07-26	32.81	30.42	37.96	29.12
2020-07-27	31.35	28.56	32.36	25.81
2020-07-28	34.57	27.44	28.96	22.79
2020-07-29	18.46	18.21	28.52	  NaN
2020-07-30	12.20	 8.71	23.35	16.70
2020-07-31	19.57	16.82	26.05	21.72
2020-08-01	20.51	15.37	25.93	25.26
2020-08-02	  NaN	  NaN	25.45	23.04
2020-08-03	  NaN	  NaN	28.60	22.45
2020-08-04	  NaN	  NaN	26.07	23.60
2020-08-05	  NaN	22.56	27.41	21.94
2020-08-06	  NaN	15.30	28.97	30.16
2020-08-07	16.71	21.19	30.19	28.57
2020-08-08	20.16	14.50	29.31	25.01
2020-08-09	20.07	15.13	30.11	26.10
2020-08-10	17.25	14.08	25.80	23.11
2020-08-11	10.71	13.23	22.26	22.64
2020-08-12	14.29	16.28	25.42	21.86
2020-08-13	20.25	16.63	26.65	24.85
2020-08-14	19.61	18.90	28.98	20.57
2020-08-15	21.08	19.35	26.12	20.87
2020-08-16	19.27	21.03	25.03	25.18
2020-08-17	23.88	15.28	25.96	26.15
2020-08-18	20.42	18.98	21.12	20.78
2020-08-19	19.94	18.75	20.57	20.39
2020-08-20	18.83	15.91	24.54	22.13
2020-08-21	19.62	14.71	  NaN	19.41
2020-08-22	17.56	16.62	26.48	20.65
2020-08-23	20.22	18.11	25.34	25.65
2020-08-24	19.54	19.48	23.13	27.13
2020-08-25	19.91	18.40	20.79	 0.06
2020-08-26	22.54	20.27	21.37	18.12
2020-08-27	26.25	20.72	20.16	21.04
2020-08-28	22.90	21.22	22.96	20.37
2020-08-29	23.18	21.37	26.28	26.38
2020-08-30	21.32	17.94	29.30	29.56
2020-08-31	18.59	21.04	36.20	36.70
2020-09-01	19.56	14.87	31.38	25.17
2020-09-02	15.49	11.75	19.48	12.61
2020-09-03	12.43	12.85	14.00	14.59
2020-09-04	16.19	14.70	19.24	15.08
2020-09-05	19.26	16.84	19.95	15.79
2020-09-06	18.32	12.46	18.87	16.68
2020-09-07	12.87	 9.54	20.31	14.54
2020-09-08	13.63	17.02	25.18	23.90
2020-09-09	17.16	17.31	33.36	25.71
2020-09-10	16.60	11.76	24.30	19.92
2020-09-11	11.48	 9.98	21.95	23.67
2020-09-12	10.38	 7.25	18.39	18.24
2020-09-13	10.04	 8.39	21.37	16.80
2020-09-14	10.43	12.56	28.03	29.91
2020-09-15	14.74	10.43	25.29	23.09
2020-09-16	12.48	12.31	20.75	 0.76
2020-09-17	13.77	11.11	19.33	14.20
2020-09-18	13.52	 9.67	19.30	17.75
2020-09-19	14.75	 9.69	14.42	10.81
2020-09-20	14.67	10.22	15.72	12.77
2020-09-21	13.60	13.42	11.44	 6.75
2020-09-22	14.83	14.59	13.75	12.86
2020-09-23	18.45	14.55	14.70	19.48
2020-09-24	13.86	11.66	16.10	14.29
2020-09-25	11.05	10.92	15.07	10.98
2020-09-26	 9.30	 7.93	13.74	12.31
2020-09-27	 9.81	 9.61	13.59	10.34
2020-09-28	 9.39	 7.88	14.35	12.10
2020-09-29	 7.11	 4.70	 9.85	 7.78
2020-09-30	 5.52	 6.45	 7.48	 5.27
2020-10-01	 7.41	 8.66	 7.01	 7.15
2020-10-02	 8.25	 7.23	 9.58	 7.94
2020-10-03	 4.45	 6.28	 9.48	 6.26
2020-10-04	 8.11	 7.65	10.23	 9.36
2020-10-05	 6.43	 4.06	 9.55	 8.15
2020-10-06	 6.35	 6.46	 6.35	 2.22
2020-10-07	 5.55	 4.92	 7.55	 7.93
2020-10-08	 6.96	 5.39	 7.71	 6.90
2020-10-09	 7.51	 7.94	 7.81	 8.43
2020-10-10	 6.36	 6.14	  NaN	 9.23
2020-10-11	 5.07	 9.07	11.33	12.53
2020-10-12	 4.72	 4.54	11.92	11.53
2020-10-13	 4.30	 4.73	 9.98	 7.89
2020-10-14	 4.44	 6.01	 8.48	 5.51
2020-10-15	 6.92	 8.40	 6.65	 8.84
2020-10-16	 6.32	 6.37	10.83	 9.97
2020-10-17	 6.49	 5.21	12.17	 9.62
2020-10-18	 5.38	 6.94	 6.37	 5.97
2020-10-19	 5.51	 5.20	 6.99	 5.51
2020-10-20	 5.93	 4.99	 5.70	 6.23
2020-10-21	 5.15	 5.45	 6.23	 8.08
2020-10-22	 6.99	 6.57	14.34	10.27
2020-10-23	 9.48	 9.68	12.85	14.40
2020-10-24	 9.60	 9.81	15.66	13.18
2020-10-25	 9.68	12.28	13.03	13.28
2020-10-26	10.34	10.73	16.80	15.67
2020-10-27	 9.77	 6.92	10.81	 5.20
2020-10-28	 9.53	 8.73	 9.39	 7.63
2020-10-29	 8.96	 7.79	 8.43	 9.20
2020-10-30	 9.90	 6.03	 7.90	 6.92
2020-10-31	 9.47	 4.74	 8.67	 8.77
2020-11-01	 7.53	 9.61	12.09	 9.85
2020-11-02	 9.59	 8.83	 9.41	 9.24
2020-11-03	 7.57	 7.27	 8.66	 9.91
2020-11-04	13.17	 6.50	13.72	16.28
2020-11-05	 7.98	 6.99	 8.20	 5.51
2020-11-06	 5.75	 9.75	 7.90	11.62
2020-11-07	12.47	14.17	13.21	15.55
2020-11-08	10.94	 6.68	17.61	17.75
2020-11-09	 6.83	 6.71	14.14	 9.47
2020-11-10	 4.13	 3.97	 7.47	 6.49
2020-11-11	 3.54	 4.68	 5.95	 5.86
2020-11-12	 5.59	 5.76	 7.20	 6.53
2020-11-13	 8.23	 6.71	10.17	 8.36
2020-11-14	 8.05	 3.73	 7.15	 7.50
2020-11-15	 4.66	 5.57	 4.28	 5.59
2020-11-16	 5.92	 4.99	 6.22	 5.21
2020-11-17	 5.66	 8.76	 5.58	12.36
2020-11-18	 7.73	14.14	13.07	13.87
2020-11-19	10.10	 9.98	13.84	11.95
2020-11-20	 8.78	 9.48	12.97	12.16
2020-11-21	14.00	11.10	13.42	12.28
2020-11-22	10.42	14.20	13.69	17.14
2020-11-23	13.83	16.19	17.89	 9.25
2020-11-24	10.02	 6.48	 8.05	 3.39
2020-11-25	 4.73	 4.44	 6.01	 5.64
2020-11-26	 4.08	 5.23	 6.08	 5.78
2020-11-27	 5.60	 8.25	 6.50	 7.64
2020-11-28	 8.31	 4.74	 5.75	 5.58
2020-11-29	 3.71	 3.94	 3.88	 5.08
2020-11-30	 4.01	 3.41	 4.56	 4.81
2020-12-01	 4.18	 2.91	 4.15	 3.27
2020-12-02	 6.26	 4.23	 0.07	 6.88
2020-12-03	 4.45	 3.73	 5.87	 4.36
2020-12-04	 4.30	 5.46	 3.54	 4.73
2020-12-05	 5.79	 4.79	 5.74	 7.46
2020-12-06	 4.01	 3.00	 5.52	 4.02
2020-12-07	 3.94	 3.43	 4.07	 3.94
2020-12-08	 3.52	 2.87	 3.53	 2.88
2020-12-09	 2.84	 3.13	 5.22	 8.51
2020-12-10	 8.54	11.23	14.85	16.06
2020-12-11	 9.12	 4.32	11.14	 3.81
2020-12-12	 5.54	 8.62	 5.53	 8.79
2020-12-13	 4.40	 2.87	 4.57	 2.90
2020-12-14	 4.10	 5.35	 3.10	 6.94
2020-12-15	 6.41	 4.22	 4.27	 4.32
2020-12-16	 4.50	 4.47	 3.34	 4.81
2020-12-17	 4.88	 5.33	 4.38	 4.36
2020-12-18	 5.78	 6.52	 8.31	 8.58
2020-12-19	 5.48	 3.57	 4.55	 5.66
2020-12-20	 4.08	 5.23	 2.78	 3.29
2020-12-21	 5.66	 5.28	 3.94	 3.47
2020-12-22	 6.50	 5.58	 3.14	 5.27
2020-12-23	 3.91	 2.20	 3.95	 3.90
2020-12-24	 2.50	 3.01	 1.75	 2.33
2020-12-25	 3.27	 4.56	 3.90	12.21
2020-12-26	 4.12	 4.66	 5.81	 4.94
2020-12-27	 7.03	 6.54	 5.12	 6.14
2020-12-28	10.27	 8.35	10.76	 9.59
2020-12-29	 9.05	 4.51	 6.79	 9.71
2020-12-30	 5.16	 3.01	 7.65	 6.64
2020-12-31	 2.98	 4.48	 4.94	 2.70
2021-01-01	 2.34	 5.65	 5.29	 4.77
2021-01-02	 4.13	 6.37	 3.77	 6.40
2021-01-03	 4.13	 7.99	 3.83	 7.27
2021-01-04	 5.44	 7.52	 5.83	 6.02
2021-01-05	 7.16	 4.48	 8.41	 5.82
2021-01-06	 3.81	 3.78	 2.68	 2.96
2021-01-07	 4.86	 4.83	 2.70	 4.17
2021-01-08	 4.58	 4.12	 4.84	 4.31
2021-01-09	 5.33	 7.38	 6.14	 6.12
2021-01-10	 5.72	 5.24	  NaN	 6.10
2021-01-11	 4.72	 3.30	  NaN	  NaN
2021-01-12	 2.86	 1.88	  NaN	 2.80
2021-01-13	 4.70	 6.95	 2.57	 3.92
2021-01-14	 4.96	 3.24	 4.65	 5.08
2021-01-15	 3.49	 3.25	 4.28	 3.48
2021-01-16	 7.18	 5.37	 3.46	 5.82
2021-01-17	 4.60	 5.39	 4.36	 4.56
2021-01-18	 8.13	 7.30	 4.17	 8.39
2021-01-19	10.06	 8.38	 8.71	11.29
2021-01-20	10.48	 8.56	17.66	13.24
2021-01-21	11.31	10.08	16.36	15.62
2021-01-22	 7.93	 8.95	12.50	 9.05
2021-01-23	 9.10	 6.48	 9.75	 8.01
